region_1,country,coordinates
Cafayate,Argentina,"[-26.0730798, -65.976052]"
Mendoza,Argentina,"[-32.8894587, -68.8458386]"
Salta,Argentina,"[-24.7821269, -65.4231976]"
Luján de Cuyo,Argentina,"[-33.0391038, -68.8798644]"
San Juan,Argentina,"[-31.5351074, -68.5385941]"
Uco Valley,Argentina,"[-33.600036, -69.282703]"
Perdriel,Argentina,"[-33.0764292, -68.8868944]"
Tupungato,Argentina,"[-33.0764292, -68.8868944]"
Valle de Uco,Argentina,"[-33.0764292, -68.8868944]"
Calchaquí Valley,Argentina,"[-26.0746237, -65.9783082]"
Vista Flores,Argentina,"[-33.6509809, -69.1558647]"
Maipú,Argentina,"[-33.6509809, -69.1558647]"
Patagonia,Argentina,"[-33.6509809, -69.1558647]"
Alto Valle del Rio Negro,Argentina,"[-40.00988419999999, -65.3927206]"
La Consulta,Argentina,"[-33.7339291, -69.1199066]"
Agrelo,Argentina,"[-33.1194013, -68.8868944]"
Neuquen,Argentina,"[-38.9516784, -68.0591888]"
Rio Negro Valley,Argentina,"[-41.05556, -71.15194]"
La Rioja,Argentina,"[-29.4135, -66.8565]"
Famatina Valley,Argentina,"[-34.6462843, -58.4101518]"
Argentina,Argentina,"[-38.416097, -63.61667199999999]"
Tulum Valley,Argentina,"[-31.5496953, -68.5583846]"
Buenos Aires,Argentina,"[-34.6036844, -58.3815591]"
Jujuy,Argentina,"[-24.1843397, -65.302177]"
San Carlos,Argentina,"[-41.1334722, -71.3102778]"
Pedernal Valley,Argentina,"[-31.995736, -68.764927]"
Zonda Valley,Argentina,"[-31.550, -68.76]"
Medrano,Argentina,"[-33.1775166, -68.6113055]"
Altos de Mendoza,Argentina,"[-32.90107, -68.842846]"
San Rafael,Argentina,"[-34.6129, -68.3391]"
Catamarca,Argentina,"[-28.4715877, -65.7877209]"
South Australia,Australia,"[-30.0002315, 136.2091547]"
McLaren Vale,Australia,"[-35.2210309, 138.5461247]"
Padthaway,Australia,"[-36.6270289, 140.433893]"
Adelaide Hills,Australia,"[-34.9062557, 138.8397403]"
Barossa Valley,Australia,"[-34.5333333, 138.95]"
Rutherglen,Australia,"[-36.055556, 146.4625]"
Barossa,Australia,"[-34.5333333, 138.95]"
Heathcote,Australia,"[-36.916667, 144.7]"
Clare Valley,Australia,"[-33.8335699, 138.61]"
Yarra Valley,Australia,"[-35.7403876, 147.6562318]"
Great Southern,Australia,"[-30.0002315, 136.2091547]"
South Eastern Australia,Australia,"[-27.6728168, 148.3716902]"
Tasmania,Australia,"[-41.4545196, 145.9706647]"
Mornington Peninsula,Australia,"[-38.2854053, 145.093449]"
Australia,Australia,"[-33.8688, 151.2093]"
Coonawarra,Australia,"[-37.28746, 140.8553875]"
Goulburn Valley,Australia,"[-36.8212556, 145.5833979]"
Margaret River,Australia,"[-33.955, 115.075]"
Langhorne Creek,Australia,"[-35.29625559999999, 139.038277]"
Pemberton,Australia,"[-34.44, 116.05]"
Frankland River,Australia,"[-34.351814, 117.0654331]"
Geographe,Australia,"[-33.6373407, 115.3815343]"
Western Australia,Australia,"[-27.6728168, 121.6283098]"
Adelaide Plains,Australia,"[-34.6057239, 138.7136193]"
Eden Valley,Australia,"[-34.6546423, 139.1009757]"
Adelaide,Australia,"[-34.9284989, 138.6007456]"
Victoria,Australia,"[-37.4713077, 144.7851531]"
Clarendon,Australia,"[-35.1054491, 138.6297435]"
Hunter Valley,Australia,"[-32.1932173, 151.700565]"
Central Ranges,Australia,"[-23.740669, 133.3459744]"
Limestone Coast,Australia,"[-36.7235617, 140.3481835]"
Pyrenees,Australia,"[-37.227898, 143.372670]"
King Valley,Australia,"[-36.695189, 146.397486]"
Central Victoria,Australia,"[-37.4713077, 144.7851531]"
Southern Flinders Ranges,Australia,"[-31.4166667, 138.75]"
Nagambie Lakes,Australia,"[-36.7842847, 145.1417222]"
Riverina,Australia,"[-35, 146.0]"
Wrattonbully,Australia,"[-37.1624826, 140.9351108]"
McLaren Vale-Adelaide Hills,Australia,"[-35.2462077, 138.55089]"
Lenswood,Australia,"[-34.9172455, 138.8315666]"
Mudgee,Australia,"[-32.6144566, 149.5733291]"
Orange,Australia,"[-33.7174708, 149.100]"
New South Wales,Australia,"[-31.2532183, 146.921099]"
Bendigo,Australia,"[-36.7570157, 144.2793906]"
Mount Barker,Australia,"[-35.0809029, 138.8634671]"
Southern Fleurieu,Australia,"[-35.5, 138.5]"
Grampians,Australia,"[-37.2108819, 142.3979571]"
Currency Creek,Australia,"[-35.4373405, 138.7586849]"
Piccadilly Valley,Australia,"[-34.983333, 138.733333]"
Beechworth,Australia,"[-36.3533015, 146.6877247]"
Swan Hill,Australia,"[-35.3396318, 143.5524803]"
Murray-Darling,Australia,"[-35.4092603, 143.762027]"
Western Plains,Australia,"[-32.2785846, 148.5817624]"
Kangaroo Island,Australia,"[-35.7752426, 137.2142417]"
McLaren Vale-Langhorne Creek,Australia,"[-35.2210309, 138.5461247]"
Hilltops,Australia,"[-33.2581632, 149.0866321]"
Barossa-Langhorne Creek,Australia,"[-34.5333333, 138.95]"
Currency Creek-McLaren Vale,Australia,"[-35.4373405, 138.7586849]"
Gippsland,Australia,"[-37.5831982, 147.4627259]"
Strathbogie Ranges,Australia,"[-36.9, 145.75]"
Clare Valley-Coonawarra,Australia,"[-33.8335699, 138.61]"
Gundagai,Australia,"[-35.0566492, 148.102061]"
Mount Barker & Margaret River,Australia,"[-33.729102, 151.0206633]"
McLaren Vale-Padthaway,Australia,"[-35.1028334, 138.5568379]"
Tumbarumba,Australia,"[-35.7694861, 148.0057003]"
Henty,Australia,"[-35.52, 147.035]"
Geelong,Australia,"[-38.1499181, 144.3617186]"
Alpine Valleys,Australia,"[-36.728235, 146.948375]"
Southern Highlands,Australia,"[-34.5479968, 150.3037323]"
Clare Valley-Eden Valley,Australia,"[-34.6546423, 139.1009757]"
Australia-New Zealand,Australia,"[-30.0, 140.0]"
Riverland,Australia,"[-34.3142878, 139.8547266]"
Fleurieu Peninsula,Australia,"[-35.5, 138.5]"
Langhorne Creek-Limestone Coast,Australia,"[-35.29625559999999, 139.038277]"
Barossa-Adelaide Hills,Australia,"[-35.1136345, 138.8725113]"
Niagara-On-The-Lake,Canada,"[43.2549988, -79.0772616]"
Niagara Peninsula,Canada,"[43.0039796, -79.2684368]"
Okanagan Valley,Canada,"[49.8879519, -119.4960106]"
Niagara Escarpment,Canada,"[44.7180522, -87.5950953]"
Beamsville Bench,Canada,"[43.1588749, -79.4921643]"
Lake Erie North Shore,Canada,"[42.005108, -82.962464]"
St. David's Bench,Canada,"[43.16364, -79.0997125]"
British Columbia,Canada,"[53.7266683, -127.6476205]"
Prince Edward County,Canada,"[44.0003383, -77.25049369999999]"
Short Hills Bench,Canada,"[43.1076511, -79.2871392]"
Similkameen Valley,Canada,"[49.1922372, -120.1272108]"
Canada,Canada,"[56.130366, -106.346771]"
Alsace,France,"[48.3181795, 7.441624099999999]"
Beaujolais-Villages,France,"[46.106524, 4.779053]"
Beaujolais,France,"[46.1134349, 4.7263863]"
Brouilly,France,"[45.844705, 4.40916]"
Bordeaux Blanc,France,"[44.89079580000001, -0.503366]"
Champagne,France,"[48.9168895, 4.151432499999999]"
Chablis,France,"[47.815269, 3.800450999999999]"
Mâcon-Milly Lamartine,France,"[46.3486649, 4.6979559]"
Vin de France,France,
Juliénas,France,"[46.235505, 4.709970999999999]"
Régnié,France,"[46.136803, 4.64105]"
Saint-Émilion,France,"[44.89438699999999, -0.155729]"
Cahors,France,"[44.4475229, 1.441989]"
Moulin-à-Vent,France,"[48.5266531, 0.9893989]"
Madiran,France,"[43.549639, -0.057621]"
St.-Romain,France,"[46.99825800000001, 4.708748]"
Côtes du Rhône,France,"[45.7895449, 5.179355]"
Vacqueyras,France,"[44.13846299999999, 4.982689]"
Vin de Pays des Côtes de Gascogne,France,"[43.8588747, 0.088527]"
Saint-Estèphe,France,"[45.2648099, -0.7717824]"
Arbois,France,"[46.902851, 5.772342]"
Côte de Nuits-Villages,France,
Languedoc,France,"[43.5912356, 3.2583626]"
Coteaux Varois en Provence,France,"[43.39375099999999, 6.040819]"
Montrachet,France,"[46.945092, 4.753296]"
Clos de Vougeot,France,"[47.1748181, 4.955178999999999]"
Chassagne-Montrachet,France,"[46.937992, 4.729560999999999]"
Criots-Bâtard-Montrachet,France,"[46.9447821, 4.7539203]"
Graves,France,"[45.045842, 6.304705999999999]"
Muscadet Sèvre et Maine,France,"[47.131625, -1.410248]"
Meursault,France,"[46.97822499999999, 4.768746]"
Chambolle-Musigny,France,"[47.185496, 4.952888]"
Pomerol,France,"[44.9298292, -0.2010233]"
Côtes du Rhône Villages,France,"[45.5165578, 4.8512987]"
Côtes de Provence,France,"[43.44632319999999, 6.4699991]"
Mercurey,France,"[46.833678, 4.721636999999999]"
Coteaux d'Aix-en-Provence,France,"[43.6029999, 5.3409089]"
Côtes de Provence Sainte-Victoire,France,"[43.7047696, 7.310175399999999]"
Bordeaux Supérieur,France,"[44.86110739999999, -0.5571789]"
Costières de Nîmes,France,"[43.8145777, 4.344352499999999]"
Bordeaux,France,"[44.837789, -0.57918]"
Mâcon-Villages,France,"[46.3068839, 4.828730999999999]"
Côte Chalonnaise,France,"[46.771428, 4.696702999999999]"
Chorey-lès-Beaune,France,"[47.048887, 4.86904]"
Coteaux Bourguignons,France,"[48.1218388, 4.3854847]"
Saint-Véran,France,"[44.700836, 6.868570999999999]"
Médoc,France,"[44.556862, -0.038418]"
Haut-Médoc,France,"[45.1360842, -0.7534255]"
Fronsac,France,"[44.924318, -0.2712629]"
Margaux,France,"[45.042035, -0.677519]"
Côtes de Gascogne,France,"[43.8588747, 0.088527]"
Côtes du Lot,France,"[44.5379358, 1.6760691]"
Beaujolais Rosé,France,"[46.2358688, 4.7097814]"
Marsannay,France,"[47.270302, 4.988667]"
Gevrey-Chambertin,France,"[47.225962, 4.968738999999999]"
Beaune,France,"[47.02603000000001, 4.840004]"
Minervois,France,
Blaye Côtes de Bordeaux,France,"[45.127331, -0.662843]"
Gaillac,France,"[43.9018159, 1.896506]"
Sancerre,France,"[47.329583, 2.839867]"
Montravel,France,"[44.859834, 0.052954]"
Quincy,France,"[47.13223499999999, 2.156712]"
Pouilly-Fumé,France,
Vin de Pays d'Oc,France,"[43.570642, 3.877218]"
Monbazillac,France,"[44.793529, 0.492161]"
Patrimonio,France,"[42.706531, 9.369553999999999]"
Saumur-Champigny,France,"[47.2399073, -0.0198986]"
Gers,France,"[43.6366479, 0.4502368]"
Crémant de Jura,France,"[46.6603643, 5.5649]"
Vin de Liqueur,France,
Crémant de Bourgogne,France,"[47.7229429, 3.6283236]"
Pouilly-Fuissé,France,"[46.289074, 4.740289]"
Montagne-Saint-Émilion,France,"[44.89438699999999, -0.155729]"
Menetou-Salon,France,"[47.2320769, 2.488352]"
Fronton,France,"[43.840098, 1.389654]"
Bergerac,France,"[44.853806, 0.483392]"
Bordeaux Rosé,France,"[44.855275, -0.570292]"
Les Baux de Provence,France,"[43.743887, 4.795495000000001]"
Bandol,France,"[43.136418, 5.754186]"
Châteauneuf-du-Pape,France,"[44.056556, 4.831281000000001]"
Nuits-St.-Georges,France,"[47.137985, 4.9503199]"
Chénas,France,"[46.212457, 4.719626]"
Jurançon,France,"[43.287723, -0.390892]"
Saumur,France,"[47.260135, -0.08089299999999999]"
Pessac-Léognan,France,"[44.727859, -0.59709]"
Saint-Julien,France,"[45.165884, -0.74085]"
Pauillac,France,"[45.199585, -0.746212]"
Lalande de Pomerol,France,"[44.955821, -0.210858]"
Cadillac Côtes de Bordeaux,France,
Touraine,France,"[47.3020954, 0.6921741]"
Reuilly,France,"[47.085426, 2.041587]"
Entre-Deux-Mers,France,"[44.8, -0.28333]"
Hermitage,France,"[48.1275, -1.8179]"
Sauternes,France,"[44.531032, -0.343268]"
Vin de Savoie,France,"[45.557242, 6.109712]"
Castillon Côtes de Bordeaux,France,"[44.8533003, -0.0436106]"
Mediterranée,France,
Francs Côtes de Bordeaux,France,"[44.945889, -0.006346999999999999]"
Chiroubles,France,"[46.180983, 4.665474]"
Saint-Amour,France,"[46.4363219, 5.345254]"
Coteaux du Languedoc,France,"[43.6751197, 3.4798336]"
Côtes de Bourg,France,"[45.419253, 2.383115]"
Saint-Georges-Saint-Émilion,France,"[44.8854098, -0.1533505]"
Bergerac Sec,France,"[48.9256884, 2.478422]"
Morgon,France,"[46.143967, 4.6782106]"
Listrac-Médoc,France,"[45.073918, -0.793207]"
Lussac Saint-Émilion,France,"[44.949033, -0.096263]"
Tavel,France,"[44.01293, 4.698161]"
Santenay,France,"[46.912833, 4.696534]"
Puligny-Montrachet,France,"[46.945092, 4.753296]"
Moulis-en-Médoc,France,"[45.06023700000001, -0.7675419]"
Rosé de Loire,France,"[46.227638, 2.213749]"
Côtes de Bordeaux,France,"[50.5958255, 3.0788483]"
Vin Mousseux,France,"[46.227638, 2.213749]"
Givry,France,"[46.78307, 4.742662999999999]"
Buzet,France,"[44.258058, 0.298192]"
Corse,France,"[42.0396042, 9.012892599999999]"
Muscadet Côtes de Grandlieu,France,
Maury Sec,France,"[48.8548364, 2.463108]"
Côtes du Roussillon Villages Caramany,France,"[42.73508, 2.570433]"
Irrouléguy,France,
Ile de Beauté,France,
Pays d'Oc,France,
Gard,France,"[43.9446996, 4.1513764]"
Bordeaux Clairet,France,
Fleurie,France,"[46.192646, 4.6974557]"
Anjou Villages Brissac,France,"[47.356497, -0.448862]"
Bonnezeaux,France,"[47.276972, -0.485391]"
Bourgogne Hautes Côtes de Nuits,France,"[47.1492182, 4.890554799999999]"
Crémant d'Alsace,France,"[48.6221769, 7.4839214]"
Mâcon-Péronne,France,"[46.438691, 4.809830000000001]"
Maranges,France,"[46.895502, 4.669665999999999]"
Saint-Bris,France,"[47.744005, 3.647396]"
Rivesaltes,France,"[42.768583, 2.871763000000001]"
Charmes-Chambertin,France,"[46.227638, 2.213749]"
Condrieu,France,"[45.4617223, 4.7680113]"
Mâcon-Chardonnay,France,"[46.302479, 4.816992]"
Ladoix,France,"[47.06605, 4.886973999999999]"
Viré-Clessé,France,"[46.448616, 4.842058]"
Mâcon-Fuissé,France,"[46.280354, 4.742589]"
Vin de Pays des Cévennes,France,"[44.4317226, 3.7027594]"
Luberon,France,"[43.796111, 5.223889]"
Faugères,France,"[43.5655659, 3.188741]"
Crémant de Limoux,France,"[43.045432, 2.170958]"
Picpoul de Pinet,France,"[43.3876953, 3.5056998]"
Côtes du Marmandais,France,"[44.4564126, 0.018692]"
Coteaux du Layon,France,"[47.3095233, -0.5909492]"
Cornas,France,"[44.963733, 4.847392]"
Savennières,France,"[47.383101, -0.656999]"
Ventoux,France,"[44.1740851, 5.2786797]"
Chinon,France,"[47.167296, 0.240385]"
Vouvray,France,"[47.412068, 0.799248]"
Crémant de Loire,France,"[47.2702304, -0.1047236]"
Vosne-Romanée,France,"[47.159051, 4.954572]"
Saint-Nicolas-de-Bourgueil,France,"[47.284852, 0.12535]"
Roussette de Savoie,France,"[45.5055649, 6.0035737]"
Côtes de Nuits Villages,France,"[47.13176259999999, 4.9721271]"
Bourgogne Hautes Côtes de Beaune,France,"[47.01346580000001, 4.815776100000001]"
Saint-Aubin,France,"[48.7142277, 2.1452278]"
Barsac,France,"[44.607906, -0.317094]"
Pernand-Vergelesses,France,"[47.084575, 4.851313]"
Auxey-Duresses,France,"[46.986357, 4.747390999999999]"
Savigny-lès-Beaune,France,"[47.063402, 4.817946]"
Mâcon-Verze,France,"[46.376678, 4.734818]"
Saint-Joseph,France,
Vin de Pays Var,France,
Volnay,France,"[47.00151, 4.781618]"
Quarts de Chaume,France,
Cheverny,France,"[47.49973, 1.46013]"
Anjou,France,"[45.34546599999999, 4.880489]"
Pécharmant,France,"[44.8777913, 0.5207563]"
Minervois La Liviniere,France,"[43.32940199999999, 2.619386]"
Corbières,France,"[43.054859, 1.997267]"
Côtes du Jura,France,"[46.76247499999999, 5.6729159]"
Corton Les Renardes,France,"[46.227638, 2.213749]"
Coteaux du Giennois,France,"[46.227638, 2.213749]"
Aloxe-Corton,France,"[47.065692, 4.85994]"
Coteaux Varois,France,"[43.39375099999999, 6.040819]"
Vin de Pays du Val de Loire,France,"[47.5532402, 1.0105289]"
Bourgogne,France,"[47.0525047, 4.3837215]"
Petit Chablis,France,"[47.8120357, 3.8024908]"
Bâtard-Montrachet,France,"[46.9447821, 4.7539203]"
Chevalier-Montrachet,France,"[46.9447821, 4.7539203]"
Puisseguin Saint-Émilion,France,"[44.925099, -0.074307]"
Mâcon-Azé,France,"[46.431348, 4.7612249]"
Morey-Saint-Denis,France,"[47.195673, 4.962496]"
Corton-Charlemagne,France,"[47.0676505, 4.85854]"
Pommard,France,"[47.00931, 4.795325]"
Grands-Echezeaux,France,"[46.227638, 2.213749]"
Mazis-Chambertin,France,
Vin de Pays du Comté Tolosan,France,"[46.227638, 2.213749]"
Bordeaux Côtes de Francs ,France,
Savoie,France,"[45.4932, 6.4724]"
Palette,France,"[43.510449, 5.4936109]"
Var,France,"[43.46764599999999, 6.2375947]"
Val de Loire,France,"[47.5532402, 1.0105289]"
Coteaux du Languedoc Pic Saint Loup,France,"[43.780392, 3.813078]"
Hautes Côtes de Nuits,France,"[47.1492182, 4.890554799999999]"
La Clape,France,"[43.158333, 3.1]"
Gigondas,France,"[44.163231, 5.0041804]"
Bourgueil,France,"[47.282487, 0.168611]"
Saint-Croix-du-Mont,France,"[44.5942859, -0.284518]"
Côte de Brouilly,France,"[45.844705, 4.40916]"
Mâcon-Pierreclos,France,"[46.334809, 4.686364999999999]"
Sainte-Foy Bordeaux,France,"[44.8480803, -0.5727173]"
Saint-Chinian,France,"[43.418646, 2.945129]"
Crozes-Hermitage,France,"[45.09032, 4.846723]"
Pouilly-Vinzelles,France,"[46.2739409, 4.7777653]"
Macon-Bussières,France,"[46.338504, 4.701625]"
Corse Porto Vecchio,France,"[41.591369, 9.278311]"
Côtes du Roussillon Villages Tautavel,France,"[42.813662, 2.745716]"
Côtes du Roussillon Villages,France,"[42.7001964, 3.0099495]"
Mâcon,France,"[46.3068839, 4.828730999999999]"
Fixin,France,"[47.24534, 4.972309]"
Corton,France,"[47.065692, 4.85994]"
Latricières-Chambertin,France,
Premieres Côtes de Blaye,France,"[45.126841, -0.662941]"
Montagny,France,"[45.620885, 4.747657999999999]"
Vin de Pays des Côtes Catalanes,France,"[46.227638, 2.213749]"
Côtes du Tarn,France,"[43.89926699999999, 1.895374]"
Côtes de Provence La Londe,France,"[43.1376536, 6.2375712]"
Coteaux du Layon Chaume,France,"[47.322534, -0.635508]"
Côtes de Bergerac,France,"[44.790031, -0.118248]"
Pacherenc du Vic Bilh,France,"[46.227638, 2.213749]"
Echézeaux,France,"[47.16536199999999, 4.979823]"
La Grande Rue,France,
Clos de la Roche,France,"[48.006852, -1.823946]"
Vougeot,France,"[47.176617, 4.962975]"
Mâcon-Vergisson,France,"[46.30963, 4.716371]"
Mâcon-Cruzille,France,"[46.5019335, 4.8762583]"
Collines Rhôdaniennes,France,
Clairette de Die Méthode Dioise Ancestrale,France,"[44.7601577, 5.357141299999999]"
Jurançon Sec,France,"[43.26972869999999, -0.4231319]"
Maury,France,"[42.811253, 2.593028]"
Muscat de Rivesaltes,France,"[42.7468364, 2.903213]"
Vin de Table Francais,France,
Atlantique,France,"[47.27804680000001, -1.8157647]"
Muscadet,France,"[45.4226585, -0.2853445]"
Chignin-Bergeron,France,"[45.514997, 6.0194833]"
Beaujolais Blanc,France,"[46.227638, 2.213749]"
Mâcon La Roche Vineuse,France,"[46.34679200000001, 4.719113]"
Côtes du Roussillon Les Aspres,France,"[48.68974799999999, 0.599399]"
Côtes du Roussillon,France,"[46.227638, 2.213749]"
Beaujolais-Leynes,France,"[46.2677996, 4.729654399999999]"
Côtes de Duras,France,"[44.683659, 0.200972]"
Fitou,France,"[42.893306, 2.978041]"
Chambertin Clos de Bèze,France,"[47.465224, 5.275158999999999]"
Corton-Rognet,France,"[46.227638, 2.213749]"
Corton Vergennes,France,"[47.073505, 4.875509]"
Chapelle-Chambertin,France,"[47.18759379999999, 4.9447879]"
Anjou Villages,France,"[45.34546599999999, 4.880489]"
Cadillac,France,"[44.63702199999999, -0.320481]"
Sable de Camargue,France,"[43.5861991, 4.1973077]"
Côtes Catalanes,France,
Vin de Pays Cité de Carcassonne,France,"[43.2060816, 2.3641961]"
Coteaux d'Ancenis,France,"[47.4580871, -1.1763526]"
Cabernet de Saumur,France,"[47.260135, -0.08089299999999999]"
Bourgogne Gamay,France,
Côtes de Castillon,France,"[44.8533003, -0.0436106]"
Côte de Beaune,France,"[47.01346580000001, 4.815776100000001]"
Rosé d'Anjou,France,"[48.7775725, 2.3456149]"
Coteaux du Vendômois,France,"[47.6584551, 1.2631801]"
Montlouis-sur-Loire,France,"[47.38826400000001, 0.827383]"
Vin de Pays du Lot,France,"[44.43589240000001, 1.4427503]"
Marcillac,France,"[44.474899, 2.462587]"
Bourgogne Epineuil,France,"[47.874593, 3.980885]"
Côtes-du-Ventoux,France,"[44.1160541, 5.1771508]"
Saint-Mont,France,"[43.650444, -0.147616]"
Crémant de Bordeaux,France,"[44.9359477, -0.1369457]"
Mâcon-Lugny,France,"[46.471672, 4.80982]"
Rully,France,
Bonnes-Mares,France,"[48.85736259999999, 2.3572223]"
Rasteau,France,"[44.231277, 4.986897]"
Vin de Pays des Maures,France,"[43.39095400000001, 6.341426999999999]"
Premieres Côtes de Bordeaux,France,"[44.7670329, -0.4880479]"
Bourgogne Aligoté,France,
Saint-Romain,France,"[46.99825800000001, 4.708748]"
Muscat de Saint-Jean de Minervois,France,"[43.3841279, 2.833104]"
Banyuls,France,"[42.48343, 3.128874]"
Cévennes,France,"[44.4317226, 3.7027594]"
Muscat de Beaumes de Venise,France,"[44.121721, 5.031427]"
Mâcon-Uchizy,France,"[46.4893405, 4.913118]"
Corton Grèves,France,"[46.227638, 2.213749]"
Coteaux de Verdon,France,"[43.74300880000001, 6.014831999999999]"
Lirac,France,"[44.03527500000001, 4.693796]"
France,France,"[46.227638, 2.213749]"
Corbières-Boutenac,France,"[43.1485716, 2.79395]"
Vin Pétillant,France,"[46.227638, 2.213749]"
Vin de Pays du Val de Cesse,France,"[43.287046, 2.888213]"
Saussignac,France,"[44.800008, 0.326801]"
Limoux,France,"[43.053289, 2.218142]"
Pouilly-Loché,France,"[46.2787679, 4.7703525]"
Vin de Pays de L'Aude,France,"[43.0724667, 2.3813621]"
Vin de Pays du Gard,France,"[43.9446996, 4.1513764]"
Côte Rôtie,France,"[45.7640924, 5.0032923]"
Musigny,France,"[47.185496, 4.952888]"
Chambertin,France,"[47.225962, 4.968738999999999]"
Clos Saint-Denis,France,
Côtes de Thongue,France,"[43.3990251, 3.416833]"
Côtes du Frontonnais,France,"[46.227638, 2.213749]"
Touraine Amboise,France,"[47.413326, 0.9844069999999999]"
Château-Chalon,France,"[46.7549, 5.626337899999999]"
Mâcon-Mancey,France,"[46.5716191, 4.847224100000001]"
Irancy,France,"[47.71398199999999, 3.665354999999999]"
Savennières-Roche-Aux-Moines,France,"[47.39080999999999, -0.6437729999999999]"
Vin de Pays des Portes de Méditerranée,France,"[46.227638, 2.213749]"
Brulhois,France,"[44.0648355, 0.649662]"
Mâcon-Loché,France,"[46.2787679, 4.7703525]"
Mâcon-Vinzelles,France,"[46.271707, 4.768609]"
Ardèche,France,"[44.759629, 4.5624426]"
Mâcon-Charnay,France,"[46.309859, 4.800459]"
Corton-Pougets,France,"[46.227638, 2.213749]"
Cérons,France,"[44.631404, -0.337996]"
Coteaux du Layon Saint Aubin,France,"[47.3293828, -0.6880379]"
Pouilly-sur-Loire,France,"[44.631404, -0.337996]"
Vin de Pays de la Méditerranée,France,"[46.227638, 2.213749]"
Vin de Pays de l'Ile de Beauté,France,"[46.227638, 2.213749]"
Blanquette de Limoux,France,"[43.055162, 2.204333]"
Clairette de Bellegarde,France,"[43.7577209, 4.5142937]"
Côtes du Luberon,France,"[43.796111, 5.223889]"
Canon-Fronsac,France,
Vin de Pays des Alpilles,France,
Cour-Cheverny,France,"[47.508733, 1.457552]"
Muscadet Sèvre et Maine Clisson,France,"[47.0870103, -1.2854647]"
Aude Hauterive,France,"[43.0724667, 2.3813621]"
Côte de Beaune-Villages,France,"[47.02603000000001, 4.840004]"
Meursault-Blagny,France,"[46.9589141, 4.7409031]"
Vin de Pays de Vaucluse,France,"[44.1375541, 4.8126437]"
Chignin,France,"[45.523454, 6.011586899999999]"
Mâcon Solutré,France,"[46.29730499999999, 4.725849]"
Landes,France,"[43.9412045, -0.7532808999999999]"
Mâcon-Davayé,France,"[46.302008, 4.744197]"
Vin de Pays du Jardin de la France,France,"[43.433563, 6.1410059]"
Saint-Péray,France,"[44.944816, 4.841902999999999]"
Muscadet Coteaux de la Loire,France,"[48.014277, 3.088529]"
Pays de Loire,France,"[47.7632836, -0.3299687]"
Vin de Pays de l'Atlantique,France,"[44.8500585, -0.5712937]"
Côtes de Forez,France,
Monthélie,France,"[46.99248799999999, 4.76562]"
Clos de Lambrays,France,"[47.19803839999999, 4.963521]"
Clos de Tart,France,"[47.19577049999999, 4.9617952]"
Romanée-St.-Vivant,France,"[47.1615578, 4.9546375]"
Vin Doux Naturel Rasteau,France,
Vin de Pays de la Haute Vallée du Gassac,France,"[49.1985936, -2.115017]"
Périgord,France,"[45.1854543, 0.7250863]"
Châteaumeillant,France,"[46.562103, 2.2018749]"
Bourgogne Côtes d’Auxerre,France,"[47.7436981, 3.6498547]"
Cabardes,France,"[43.266725, 2.284797]"
Bergerac Rosé,France,
Hautes Cotes de Beaune,France,"[47.01346580000001, 4.815776100000001]"
Mâcon-Prissé,France,"[46.32179199999999, 4.744358]"
Bienvenues Bâtard-Montrachet,France,"[46.9447821, 4.7539203]"
Lot,France,
Burgundy,France,"[47.0525047, 4.3837215]"
Béarn,France,"[43.47055599999999, -0.9248539999999998]"
Moulis,France,"[45.06023700000001, -0.7675419]"
Mâcon Chaintré,France,"[46.26065, 4.75951]"
Alpilles,France,"[43.7577242, 4.8512089]"
Coteaux du Lyonnais,France,"[45.6545925, 4.7073297]"
Côte Roannaise,France,"[45.7702801, 4.8370926]"
Côtes de Thau,France,"[43.3979814, 3.6116494]"
Corton-Bressandes,France,"[47.0369285, 4.838344]"
Gaillac Doux,France,"[43.9434434, 1.8887611]"
Vin de Pays des Coteaux de Bessilles,France,
Mazoyeres-Chambertin,France,"[46.227638, 2.213749]"
Coteaux du Languedoc-Pézenas,France,"[43.462347, 3.409159]"
Cabernet d'Anjou,France,
Vallée du Paradis,France,"[43.4354561, 6.8525385]"
Côtes de Saint-Mont,France,"[43.650862, -0.149763]"
Laudun,France,"[44.105296, 4.657439]"
Saint-Chinian-Roquebrun,France,"[43.418646, 2.945129]"
Corton Perrières,France,
Coteaux du Layon Beaulieu,France,"[47.3236158, -0.6185058999999999]"
Vin de Pays de L'Herault,France,"[43.6841, 3.58848]"
Charentais,France,"[45.7519958, 0.1534761]"
Vin de Pays de France,France,"[46.256358, 6.109964]"
La Romanée,France,"[47.159051, 4.954572]"
Vin de Pays de Montferrand,France,"[43.36530399999999, 1.821456]"
Clairette de Die,France,"[44.7610135, 5.355582]"
Collioure,France,"[42.52675199999999, 3.084631]"
Saint Guilhem le Désert,France,"[43.734434, 3.549015]"
Bourgogne Vézelay,France,"[47.465674, 3.746143]"
Rivesaltes Rosé,France,"[42.76803880000001, 2.8721395]"
Côtes de Montravel,France,"[44.816677, 0.0710167]"
Terrasses du Larzac,France,"[43.93101559999999, 3.2426063]"
Apremont,France,"[46.74935199999999, -1.741805]"
Etna,Italy,"[37.751005, 14.9934349]"
Vittoria,Italy,"[36.9520998, 14.5372653]"
Sicilia,Italy,"[37.5999938, 14.0153557]"
Terre Siciliane,Italy,"[37.5999938, 14.0153557]"
Cerasuolo di Vittoria,Italy,"[36.9728095, 14.5516064]"
Puglia,Italy,"[40.7928393, 17.1011931]"
Monica di Sardegna,Italy,"[40.8262943, 8.40757]"
Romagna,Italy,"[44.5967607, 11.2186396]"
Aglianico del Vulture,Italy,"[40.949705, 15.673758]"
Vernaccia di San Gimignano,Italy,"[43.4688988, 11.0216314]"
Toscana,Italy,"[43.7710513, 11.2486208]"
Morellino di Scansano,Italy,"[42.6863861, 11.3339204]"
Barolo,Italy,
Barbera d'Alba,Italy,"[44.7009153, 8.0356911]"
Chianti Classico,Italy,"[43.484187, 11.378352]"
Brunello di Montalcino,Italy,"[43.0886327, 11.4866396]"
Alto Adige,Italy,"[46.4336662, 11.1693296]"
Campania,Italy,"[41.10994729999999, 14.8475139]"
Rosso del Veronese,Italy,"[45.4437804, 10.9800636]"
Vino Nobile di Montepulciano,Italy,
Montepulciano d'Abruzzo,Italy,
San Marino,Italy,"[43.94236, 12.457777]"
Torgiano,Italy,"[43.0273158, 12.432391]"
Veneto,Italy,"[45.76233329999999, 11.690976]"
Colli Orientali del Friuli,Italy,"[46.0028809, 13.441837]"
Monferrato,Italy,"[44.8175587, 8.7046627]"
Sagrantino di Montefalco,Italy,"[42.9223676, 12.6418492]"
Langhe,Italy,"[44.68650050000001, 8.0379798]"
Roero,Italy,"[44.77926919999999, 7.9384998]"
Barbera d'Asti Superiore Nizza,Italy,"[44.7737245, 8.3564952]"
Prosecco di Valdobbiadene,Italy,"[45.863342, 12.051261]"
Prosecco di Conegliano,Italy,"[45.8908744, 12.3032717]"
Bianco di Custoza,Italy,"[45.38798999999999, 10.8166]"
Friuli,Italy,"[46.2259177, 13.1033646]"
Soave,Italy,"[45.4544384, 11.2358335]"
Collio,Italy,"[45.8109034, 10.3338726]"
Trentino,Italy,"[46.0512004, 11.1175392]"
Valdadige,Italy,"[46.1014012, 11.0973131]"
Italy,Italy,"[41.87194, 12.56738]"
Prosecco del Veneto,Italy,"[45.88957, 12.076308]"
Prosecco di Conegliano e Valdobbiadene,Italy,"[45.90176700000001, 11.997387]"
Gavi,Italy,"[44.6880915, 8.8037472]"
Franciacorta,Italy,
Amarone della Valpolicella,Italy,
Cannonau di Sardegna,Italy,"[40.1208752, 9.012892599999999]"
Isola dei Nuraghi,Italy,"[40.1208752, 9.012892599999999]"
Friuli Grave,Italy,"[45.914153, 12.661697]"
Venezia Giulia,Italy,"[46.2259177, 13.1033646]"
Alto Adige Valle Isarco,Italy,"[46.75, 11.6166667]"
Dolcetto d'Alba,Italy,"[44.7009153, 8.0356911]"
Soave Classico,Italy,"[45.4223008, 11.2485921]"
Conegliano Valdobbiadene Prosecco Superiore,Italy,"[45.915836, 12.166491]"
Piedmont,Italy,"[45.0522366, 7.5153885]"
Gambellara Classico,Italy,"[45.4602794, 11.3361935]"
Dogliani Superiore,Italy,"[44.5319723, 7.949748199999999]"
Cortona,Italy,"[43.27506340000001, 11.98512]"
Piemonte,Italy,"[45.0522366, 7.5153885]"
Colli della Toscana Centrale,Italy,"[44.0839717, 10.3934847]"
Barbaresco,Italy,"[44.7232618, 8.0835572]"
Vin Santo del Chianti Classico,Italy,
Trento,Italy,"[46.0747793, 11.1217486]"
Verdicchio dei Castelli di Jesi Classico,Italy,"[43.5288051, 13.1567599]"
Rosso di Montalcino,Italy,
Nebbiolo d'Alba,Italy,"[44.7009153, 8.0356911]"
Sannio,Italy,"[41.2848325, 14.5605999]"
Bolgheri Superiore,Italy,"[43.2336764, 10.6170139]"
Coste della Sesia,Italy,
Greco di Tufo,Italy,"[41.5165585, 13.2624211]"
Lugana,Italy,
Primitivo di Manduria,Italy,
Bardolino Classico,Italy,"[45.5453076, 10.6914197]"
Amarone della Valpolicella Classico,Italy,"[41.87194, 12.56738]"
Piave,Italy,"[46.068752, 12.3314323]"
Isonzo del Friuli,Italy,"[46.0657211, 13.6016763]"
Delle Venezie,Italy,"[45.4408474, 12.3155151]"
Rosso di Montepulciano,Italy,"[43.091508, 11.780005]"
Basilicata,Italy,"[40.6430766, 15.9699878]"
Valle d'Aosta,Italy,"[45.7388878, 7.426186599999999]"
Salento,Italy,"[40.42336419999999, 17.9531836]"
Alto Adige Terlano,Italy,"[46.5384622, 11.2421084]"
Vigneti delle Dolomiti,Italy,
Montefalco Rosso,Italy,"[42.902373, 12.64079]"
Umbria,Italy,"[42.938004, 12.6216211]"
Faro,Italy,
Bardolino Chiaretto,Italy,
Murgia,Italy,"[40.976111, 16.406111]"
Bolgheri Sassicaia,Italy,"[43.2336764, 10.6170139]"
Delia Nivolelli,Italy,"[41.87194, 12.56738]"
Gattinara,Italy,"[45.6139525, 8.3715171]"
Maremma,Italy,"[42.7095635, 11.0177282]"
Bolgheri,Italy,"[43.2336764, 10.6170139]"
Falerno del Massico,Italy,"[41.1648018, 13.9468082]"
Fiano di Avellino,Italy,"[40.9712593, 14.9248429]"
Barbera d'Asti Superiore,Italy,"[45.0856642, 8.0340814]"
Vermentino di Sardegna,Italy,"[40.7731651, 9.1555625]"
Colli Trevigiani,Italy,"[46.0135268, 11.9171375]"
Barbera d'Asti,Italy,"[44.7203498, 8.2814286]"
Barbera d'Alba Superiore,Italy,"[44.64998809999999, 8.0271337]"
Recioto di Soave,Italy,"[45.4214476, 11.2490829]"
Ruché di Castagnole Monferrato,Italy,"[44.9624895, 8.304856400000002]"
Valtellina Superiore,Italy,"[46.1727525, 10.0673637]"
Oltrepò Pavese,Italy,"[45.0281976, 9.312121099999999]"
Valpolicella Classico Superiore Ripasso,Italy,
Terra degli Osci,Italy,"[41.87194, 12.56738]"
Lambrusco di Modena,Italy,"[44.6510984, 10.8586364]"
Montefalco Sagrantino,Italy,
Lazio,Italy,"[41.6552418, 12.989615]"
Marche,Italy,"[43.5058744, 12.989615]"
Cerasuolo di Vittoria Classico,Italy,"[37.0296949, 14.5226706]"
Molise,Italy,"[41.67388649999999, 14.7520939]"
Friuli Aquileia,Italy,"[45.76816909999999, 13.3687199]"
Chianti,Italy,
Chianti Montespertoli,Italy,"[43.662996, 11.12623]"
Chianti Colli Senesi,Italy,
Lessona,Italy,"[45.58773290000001, 8.1925447]"
Vino Spumante,Italy,
Boca,Italy,"[45.6855033, 8.4002122]"
Valpolicella Superiore,Italy,"[45.4315888, 9.1360572]"
Valpolicella Classico Superiore,Italy,"[41.87194, 12.56738]"
Prosecco,Italy,"[45.7039135, 13.7343214]"
Colline Pescaresi,Italy,
Sangiovese di Romagna Superiore,Italy,
Chianti Rufina,Italy,
Salice Salentino,Italy,"[40.385073, 17.9652521]"
Colline Novaresi,Italy,"[45.5485133, 8.5150793]"
Veneto Orientale,Italy,"[45.62969, 12.56433]"
Calabria,Italy,"[39.3087714, 16.3463791]"
Taurasi,Italy,"[41.0125228, 14.9680914]"
Eloro,Italy,"[36.8388625, 15.1071024]"
Valdobbiadene Prosecco Superiore,Italy,"[45.877286, 12.034054]"
Irpinia,Italy,"[40.996451, 15.1258955]"
Taburno,Italy,"[41.1308729, 14.6472491]"
Sebino,Italy,"[45.721871, 10.0670398]"
Trebbiano d'Abruzzo,Italy,"[42.215658, 14.219503]"
Friuli Colli Orientali,Italy,"[46.0028809, 13.441837]"
Vin Santo del Chianti,Italy,"[43.516636, 11.380914]"
Valdobbiadene Superiore di Cartizze,Italy,"[45.8806846, 12.0047753]"
Recioto della Valpolicella Classico,Italy,
Gavi di Gavi,Italy,"[44.6880915, 8.8037472]"
Roero Arneis,Italy,"[44.7881153, 7.939328799999999]"
Dolcetto di Dogliani,Italy,"[44.5525276, 7.9210805]"
Moscato d'Asti,Italy,
Maremma Toscana,Italy,"[43.13439140000001, 11.0111351]"
Alta Langa,Italy,"[44.5892877, 8.1440365]"
Conero,Italy,"[43.55, 13.6]"
Menfi,Italy,
Frascati Superiore,Italy,
Lambrusco dell'Emilia,Italy,"[44.6599242, 10.9296571]"
Colli Aprutini,Italy,"[42.4038909, 13.9724141]"
Montepulciano d'Abruzzo Colline Teramane,Italy,"[42.1920119, 13.7289167]"
Valpolicella Superiore Ripasso,Italy,
Valpolicella Ripasso,Italy,
Forlì,Italy,"[44.2227398, 12.0407312]"
Colli Martani,Italy,"[41.87194, 12.56738]"
Ghemme,Italy,"[45.5958705, 8.4228612]"
Carignano del Sulcis,Italy,"[39.0373917, 8.418422399999999]"
Alghero,Italy,"[40.5579517, 8.319294900000001]"
Marsala,Italy,"[37.79804499999999, 12.4370156]"
Rosso Conero,Italy,"[43.5311738, 13.6010516]"
Falerio,Italy,"[42.22617169999999, 12.4431221]"
Verdicchio dei Castelli di Jesi,Italy,"[43.494295, 13.137495]"
Rosso Piceno,Italy,"[42.8594079, 13.5692889]"
Val di Cornia Suvereto,Italy,"[43.0760687, 10.7042748]"
Orvieto Classico Superiore,Italy,"[41.87194, 12.56738]"
Verdicchio dei Castelli di Jesi Classico Superiore,Italy,"[43.5288051, 13.1567599]"
Custoza Superiore,Italy,"[45.6732344, 9.224641499999999]"
Veronese,Italy,
Val di Neto,Italy,"[39.138697, 17.09132]"
Valpolicella,Italy,
Asprinio di Aversa,Italy,
Orvieto Classico,Italy,"[42.717667, 12.110377]"
Bardolino,Italy,"[45.5453076, 10.6914197]"
Orcia,Italy,"[43.05725899999999, 11.6355628]"
Prosecco Superiore di Cartizze,Italy,
Lambrusco Grasparossa di Castelvetro,Italy,"[44.5041498, 10.9457811]"
Vermentino di Gallura,Italy,"[40.9871753, 9.2785583]"
Emilia,Italy,"[44.5967607, 11.2186396]"
Costa Toscana,Italy,"[43.2269009, 10.5622919]"
Albana di Romagna,Italy,"[44.0562695, 12.4026755]"
Moscadello di Montalcino,Italy,"[43.0551015, 11.4890032]"
Primitivo del Salento,Italy,"[40.069967, 18.104298]"
Valpolicella Classico,Italy,"[41.87194, 12.56738]"
Vin Santo di Montepulciano,Italy,"[43.1735657, 11.9332981]"
Lessini Durello,Italy,"[41.87194, 12.56738]"
Prosecco Treviso,Italy,"[45.6651108, 12.247662]"
Salina,Italy,"[38.5674187, 14.8337879]"
Lago di Corbara,Italy,"[42.7168337, 12.2519308]"
Colli Euganei,Italy,"[45.3166667, 11.6666667]"
Offida Pecorino,Italy,"[42.9294924, 13.7001208]"
Passito di Pantelleria,Italy,"[36.785262, 11.9918779]"
Sant'Antimo,Italy,"[42.9996008, 11.5156193]"
Vin Santo del Chianti Rufina,Italy,"[43.7983982, 11.4683869]"
Aglianico del Taburno,Italy,"[41.1308729, 14.6472491]"
Castel del Monte,Italy,"[42.3647038, 13.7266016]"
Colli di Faenza,Italy,"[45.2809753, 8.756072999999999]"
Sangiovese di Romagna,Italy,"[44.0567906, 12.4028]"
Sforzato di Valtellina,Italy,
Terrazze Retiche di Sondrio,Italy,"[46.1762609, 9.8926869]"
Dolcetto d'Acqui,Italy,"[44.67638460000001, 8.4670285]"
Lambrusco di Sorbara,Italy,"[44.7514459, 11.0086629]"
Loazzolo,Italy,"[44.6688073, 8.258573799999999]"
Curtefranca,Italy,
Monteregio di Massa Marittima,Italy,"[43.0532504, 10.8880322]"
Montecucco,Italy,"[43.3650522, 12.74367]"
Dogliani,Italy,"[44.5319723, 7.949748199999999]"
Beneventano,Italy,
Monti Lessini,Italy,"[45.6942253, 10.9755236]"
Colli Piacentini,Italy,"[44.7133243, 9.5371616]"
Martina,Italy,"[40.7028666, 17.3392645]"
Lacryma Christi del Vesuvio,Italy,"[40.7850712, 14.4405714]"
Friuli Isonzo,Italy,"[46.0657211, 13.6016763]"
Penisola Sorrentina,Italy,"[40.6569836, 14.5422225]"
Terre del Volturno,Italy,"[39.9651389, 18.089599]"
Soave Colli Scaligeri,Italy,"[45.4116091, 11.2326652]"
Terre di Franciacorta,Italy,
Falanghina del Sannio,Italy,"[41.87194, 12.56738]"
Rosso di Toscana,Italy,"[42.9342557, 10.5079715]"
Valpolicella Ripasso Classico,Italy,
Chianti Colli Fiorentini,Italy,"[43.77931359999999, 11.2406457]"
Rosso Piceno Superiore,Italy,"[42.8536043, 13.5749442]"
Offida Passerina,Italy,"[42.9294924, 13.7001208]"
Recioto di Soave Classico,Italy,"[45.4223008, 11.2485921]"
Venezie,Italy,"[45.4408474, 12.3155151]"
Riviera Ligure di Ponente,Italy,"[43.1945753, 8.1338558]"
Pompeiano,Italy,"[43.8565049, 7.8854795]"
Epomeo,Italy,"[40.73023269999999, 13.8942535]"
Roccamonfina,Italy,"[41.2928103, 13.9851231]"
Galluccio,Italy,"[41.3348677, 13.9492051]"
Colli di Salerno,Italy,"[40.6794227, 14.8641034]"
Tarantino,Italy,
Brachetto d'Acqui,Italy,"[44.67638460000001, 8.4670285]"
Dolcetto di Monferrato,Italy,"[44.639077, 8.668672]"
Pavia,Italy,"[45.1847248, 9.1582069]"
Asti,Italy,"[44.90075119999999, 8.2064257]"
Carmignano,Italy,"[43.8007472, 11.0146187]"
Cilento,Italy,"[40.288587, 15.3608494]"
Costa d'Amalfi,Italy,"[40.6333389, 14.6028963]"
Chianti Montalbano,Italy,"[43.808611, 10.966667]"
Lugana Superiore,Italy,"[41.87194, 12.56738]"
Cesanese del Piglio,Italy,"[41.8294624, 13.1162431]"
Friuli Venezia Giulia,Italy,"[46.2259177, 13.1033646]"
Rubicone,Italy,"[44.0845688, 12.3542982]"
Vittoria Frappato,Italy,"[36.9809152, 14.5506803]"
Colli di Luni,Italy,"[44.0779288, 10.0140274]"
Soave Classico Superiore,Italy,"[45.4223008, 11.2485921]"
Barbera del Monferrato,Italy,"[45.078756, 8.3698073]"
Copertino,Italy,"[40.2696379, 18.0604887]"
Valpolicella Valpantena Superiore,Italy,"[45.5333333, 11]"
Biferno Rosso,Italy,"[41.906962, 14.9441244]"
Colli Perugini,Italy,"[41.9101697, 12.5699844]"
Aleatico dell'Elba,Italy,"[42.7781867, 10.1927389]"
Colli Tortonesi,Italy,"[44.85093800000001, 8.887332599999999]"
Barco Reale di Carmignano,Italy,"[43.8138768, 11.0191465]"
Noto,Italy,
Campi Flegrei,Italy,"[40.827, 14.139]"
Terre di Chieti,Italy,"[42.3409175, 14.3211665]"
Colline Teatine,Italy,"[42.141853, 14.515454]"
Cerasuolo d'Abruzzo,Italy,
Pomino,Italy,"[43.81774799999999, 11.5481573]"
Garda Classico,Italy,
Montenetto di Brescia,Italy,"[45.4681, 10.1301]"
Lombardy,Italy,"[45.47906709999999, 9.8452433]"
Benaco Bresciano,Italy,"[45.6049385, 10.6351414]"
Malvasia delle Lipari,Italy,"[38.578391, 14.837047]"
Marca Trevigiana,Italy,"[45.6696831, 12.2097492]"
Colli di Conegliano,Italy,"[45.8866683, 12.2890294]"
Chianti Colli Aretini,Italy,"[41.87194, 12.56738]"
Bramaterra,Italy,
Teroldego Rotaliano,Italy,
Cortese di Gavi,Italy,
Colli Bolognesi,Italy,"[44.424079, 11.050068]"
Lambrusco Reggiano,Italy,"[44.0054758, 12.6239207]"
Emilia-Romagna,Italy,"[44.5967607, 11.2186396]"
Assisi,Italy,"[43.0707017, 12.6195966]"
Montescudaio,Italy,"[43.326165, 10.6265654]"
Galatina,Italy,"[40.17582280000001, 18.1724756]"
Cirò,Italy,"[39.3811686, 17.0673088]"
Alcamo,Italy,"[37.9783947, 12.9686255]"
Soave Superiore,Italy,"[45.8370606, 9.029293299999999]"
Chianti Superiore,Italy,"[41.87194, 12.56738]"
Rosazzo,Italy,"[45.9915583, 13.4415929]"
Orvieto,Italy,"[42.7185068, 12.1107446]"
Verdicchio di Matelica,Italy,"[43.2558438, 13.0080887]"
Gutturnio Colli Piacentini,Italy,"[41.87194, 12.56738]"
Valtènesi,Italy,"[45.5095129, 10.3811192]"
Barbera del Monferrato Superiore,Italy,"[45.078756, 8.3698073]"
Gioia del Colle,Italy,"[40.7990706, 16.9221587]"
Vino da Tavola,Italy,
Custoza,Italy,"[45.3729347, 10.7962865]"
Contea di Sclafani,Italy,
Dolcetto di Diano d'Alba,Italy,"[44.64998809999999, 8.0271337]"
Nuragus di Cagliari,Italy,"[39.7772646, 9.0396465]"
Asolo Prosecco Superiore,Italy,"[45.79925859999999, 11.9141103]"
Venezia,Italy,"[45.4408474, 12.3155151]"
Provincia di Pavia,Italy,"[45.3218166, 8.8466236]"
Montepulciano d'Abruzzo Cerasuolo,Italy,"[41.87194, 12.56738]"
Colline Lucchesi,Italy,
Fara,Italy,
Lison-Pramaggiore,Italy,"[45.7793972, 12.735751]"
Lambrusco Salamino di Santa Croce,Italy,"[44.770838, 10.853483]"
Recioto della Valpolicella,Italy,"[45.5272368, 10.9403779]"
Passito di Noto,Italy,"[36.8924433, 15.0651945]"
Amarone della Valpolicella Valpantena,Italy,"[45.5333333, 11]"
Valtellina,Italy,"[46.1633869, 9.8447202]"
Abruzzo,Italy,"[42.1920119, 13.7289167]"
Montecarlo,Italy,"[43.8534454, 10.6657906]"
Contessa Entellina,Italy,"[37.7295385, 13.1833552]"
Moscato di Noto,Italy,"[36.8924433, 15.0651945]"
Diano d'Alba,Italy,"[44.64998809999999, 8.0271337]"
Controguerra,Italy,"[42.85042199999999, 13.8123653]"
Valli di Porto Pino,Italy,"[38.9636015, 8.5954553]"
Falanghina del Beneventano,Italy,"[41.1297613, 14.7826208]"
Falerio dei Colli Ascolani,Italy,"[41.87194, 12.56738]"
Erbaluce di Caluso,Italy,"[45.3053404, 7.888038799999999]"
Mamertino,Italy,"[38.0325358, 14.7726781]"
Civitella d'Agliano,Italy,
Breganze,Italy,"[45.708245, 11.5574545]"
Siracusa,Italy,"[37.0754739, 15.2865861]"
Ischia,Italy,"[40.7270164, 13.9028656]"
Carema,Italy,"[45.5826302, 7.8080102]"
Valpolicella Valpantena,Italy,"[45.6091569, 10.9755119]"
Prosecco di Valdobbiadene Superiore,Italy,"[45.877286, 12.034054]"
Colli Etruria Centrale,Italy,
Aglianico del Beneventano,Italy,"[41.1393381, 14.7737095]"
Barbera di Piemonte,Italy,"[45.0522366, 7.5153885]"
Erice,Italy,"[38.0380892, 12.5873511]"
Tuscany,Italy,"[43.7710513, 11.2486208]"
Nardò,Italy,"[40.1798489, 18.0331588]"
Donnici,Italy,"[39.2574868, 16.2853141]"
Dolcetto di Dogliani Superiore,Italy,"[44.5319723, 7.949748199999999]"
Lamezia,Italy,"[38.962912, 16.3092719]"
Trentino Superiore,Italy,"[46.0638342, 11.1294106]"
Grave del Friuli,Italy,
Vin Santo di Carmignano,Italy,"[43.8239285, 10.9953269]"
Ramandolo,Italy,"[46.2217443, 13.2616452]"
Garda,Italy,"[45.6049385, 10.6351414]"
Brindisi,Italy,"[40.6327278, 17.9417616]"
Casorzo,Italy,"[45.02123479999999, 8.3371719]"
Rosso di Cerignola,Italy,"[41.2656157, 15.8936429]"
Dolcetto d'Asti,Italy,"[44.9007652, 8.206431499999999]"
Sant' Agata dei Goti,Italy,"[41.0895812, 14.4998955]"
Monreale,Italy,"[38.0814986, 13.2889834]"
Monferrato Bianco,Italy,"[45.1042133, 8.377758199999999]"
Torgiano Rosso Riserva,Italy,"[43.0273158, 12.432391]"
Moscato di Pantelleria,Italy,"[36.785262, 11.9918779]"
Sardinia,Italy,"[40.1208752, 9.012892599999999]"
Colline Teramane,Italy,"[42.7111667, 13.9040993]"
Moscato di Trani,Italy,
Falanghina del Molise,Italy,"[41.908322, 15.1256303]"
Valpolicella Ripasso Valpantena,Italy,"[45.5333333, 11]"
Circeo,Italy,"[41.2381661, 13.0457514]"
Cirò Classico,Italy,"[39.3811686, 17.0673088]"
Bardolino Classico Superiore,Italy,"[45.5453076, 10.6914197]"
Valpolicella Ripasso Valpantena Superiore,Italy,"[45.5333333, 11]"
Sovana,Italy,"[42.6581356, 11.6455585]"
Vesuvio,Italy,"[40.82238299999999, 14.4289058]"
Dolcetto d'Alba Superiore,Italy,"[44.7009153, 8.0356911]"
San Martino della Battaglia,Italy,"[45.4379211, 10.6029836]"
Chianti Colli Pisani,Italy,
Primitivo del Tarantino,Italy,"[40.3580848, 17.3541554]"
Montello e Colli Asolani,Italy,"[45.6826558, 12.1620577]"
Nasco di Cagliari,Italy,"[39.2238411, 9.1216613]"
Montefalco,Italy,"[42.88929359999999, 12.6502843]"
Frascati,Italy,"[41.8085208, 12.6761041]"
Alta Valle della Greve,Italy,"[43.573772, 11.346905]"
Aglianico d'Irpinia,Italy,"[40.9110653, 14.8676586]"
Gutturnio Classico Superiore,Italy,"[41.87194, 12.56738]"
Strevi,Italy,"[44.7004186, 8.5234983]"
Cacc’e Mmitte di Lucera,Italy,"[41.87194, 12.56738]"
Catalanesca del Monte Somma,Italy,"[40.8333333, 14.4333333]"
San Gimignano,Italy,"[43.4676324, 11.0434909]"
Mitterberg,Italy,"[46.6995252, 12.3701097]"
Offida Rosso,Italy,"[42.9522857, 13.7269193]"
Todi,Italy,"[42.7819352, 12.4065686]"
Colli del Limbara,Italy,"[40.85, 9.1666667]"
Coda di Volpe d'Irpinia,Italy,
Squinzano,Italy,"[40.4349907, 18.0421742]"
Est! Est!! Est!!! di Montefiascone,Italy,"[42.533851, 12.041377]"
Del Veneto,Italy,"[45.76233329999999, 11.690976]"
Bardolino Superiore,Italy,"[45.4254081, 9.1408787]"
Paestum,Italy,"[40.4231513, 15.0071628]"
Navarra,Spain,"[42.6953909, -1.6760691]"
Ribera del Duero,Spain,"[41.6995677, -3.9271321]"
Rías Baixas,Spain,"[42.4270967, -8.814226399999999]"
Dominio de Valdepusa,Spain,"[39.8593468, -4.6121925]"
Rueda,Spain,"[41.4108743, -4.9597661]"
Vino de la Tierra de Castilla y León,Spain,"[41.59491, -4.575127]"
Montsant,Spain,"[41.292953, 0.7978029999999999]"
Cava,Spain,
Rioja,Spain,
Bierzo,Spain,"[42.59219239999999, -6.663812]"
Valencia,Spain,"[39.4699075, -0.3762881]"
Cariñena,Spain,"[41.3370805, -1.2241497]"
Vino de la Tierra de Castilla,Spain,
Priorat,Spain,"[41.23797829999999, 0.7913226999999999]"
Jumilla,Spain,"[38.4763532, -1.3221865]"
Penedès,Spain,"[41.3461265, 1.6979398]"
Valdeorras,Spain,"[42.3788608, -6.9638624]"
Bizkaiko Txakolina,Spain,"[42.873683, -2.652435]"
La Mancha,Spain,"[39.2795607, -3.097702]"
Uclés,Spain,"[39.9799887, -2.8633215]"
Jerez,Spain,"[36.6850064, -6.126074399999999]"
Alella,Spain,
Catalunya,Spain,"[41.5911589, 1.5208624]"
Ribeiro,Spain,"[42.875938, -8.1314663]"
Alicante,Spain,"[38.3459963, -0.4906855]"
Almansa,Spain,"[38.8702789, -1.0993366]"
Ribeira Sacra,Spain,"[42.3465529, -7.863258399999999]"
Getariako Txakolina,Spain,"[43.2939931, -2.1990542]"
Calatayud,Spain,"[41.3531678, -1.6468455]"
Vi de la Terra Illes Balears,Spain,"[39.3587759, 2.7356328]"
Toro,Spain,"[41.4540325, -5.414900299999999]"
Yecla,Spain,"[38.6122134, -1.110112]"
Empordà,Spain,"[42.2755267, 3.0175712]"
Campo de Borja,Spain,"[41.8311685, -1.443469]"
Spain,Spain,"[40.46366700000001, -3.74922]"
Terra Alta,Spain,
Valdepeñas,Spain,"[38.7605618, -3.3876655]"
Montilla-Moriles,Spain,"[37.5793753, -4.6545727]"
Málaga,Spain,"[36.7212737, -4.4213988]"
Vino de la Tierra Altiplano de Sierra Nevada,Spain,"[40.46366700000001, -3.74922]"
Costers del Segre,Spain,"[41.599156, 0.5812269999999999]"
Somontano,Spain,"[42.1177335, 0.03732009999999999]"
Tierra del Viños de Zamora,Spain,"[41.5034712, -5.7467879]"
Tarragona,Spain,"[41.1188827, 1.2444909]"
Conca de Barberà,Spain,"[41.4745038, 1.2506002]"
Catalonia,Spain,"[41.5911589, 1.5208624]"
Vino de la Tierra Contraviesa Alpujarra,Spain,
Pla de Bages,Spain,
Sierra de Salamanca,Spain,"[40.9701039, -5.663539699999999]"
Pago de Arínzano,Spain,"[42.630641, -1.993364]"
Utiel-Requena,Spain,"[39.5694342, -1.203722]"
Tierra de León,Spain,"[42.2932478, -5.5165751]"
Tierra de Castilla,Spain,
Bullas,Spain,"[38.0433449, -1.6736397]"
Ribera del Júcar,Spain,"[39.2286419, -1.443469]"
Manchuela,Spain,"[39.5373674, -1.5919511]"
Madrid,Spain,"[40.4167754, -3.7037902]"
Vino de Mesa,Spain,
Monterrei,Spain,"[41.9470179, -7.449239599999999]"
Cigales,Spain,"[41.7580541, -4.698011699999999]"
Extremadura,Spain,"[39.4937392, -6.0679194]"
Vinos de Madrid,Spain,"[25.7775423, -80.26371429999999]"
Emporadà-Costa Brava,Spain,"[42.2755267, 3.0175712]"
Ribera del Guadiana,Spain,
Toledo,Spain,
Vi de la Terra Mallorca,Spain,"[39.4645635, 3.1355346]"
Vino de la Tierra del Bajo Aragón,Spain,"[40.89924999999999, -0.364891]"
Manzanilla-Sanlúcar de Barrameda,Spain,"[36.7754065, -6.342858199999999]"
Castilla La Mancha,Spain,"[39.2795607, -3.097702]"
Lanzarote,Spain,"[29.0468535, -13.5899733]"
Vino de la Tierra de Cádiz,Spain,
Vino de la Tierra de Zamora,Spain,"[41.35375, -5.768549999999999]"
Vino de la Tierra de Castelló,Spain,"[40.162979, -0.109724]"
Mentrida,Spain,"[40.2394809, -4.1936206]"
Arribes del Duero,Spain,"[41.1947261, -6.556988199999999]"
Finca Élez,Spain,"[36.7595347, -4.0639026]"
Vino da Mesa de Toledo,Spain,"[39.8628316, -4.027323099999999]"
Vino de la Tierra Ribera del Gállego-Cinco Villas,Spain,"[41.9111325, -0.8008934]"
Vino de Calidad de Tierras de León,Spain,"[42.5987041, -5.5670839]"
Sardon de Duero,Spain,"[41.6058666, -4.4284985]"
Vino de Calidad de Valtiendas,Spain,"[41.4781804, -3.9174139]"
Willamette Valley,US,"[44.942554, -122.9337615]"
Lake Michigan Shore,US,"[43.8348105, -85.0720293]"
Napa Valley,US,"[38.5024689, -122.2653887]"
Alexander Valley,US,"[38.65649, -122.786907]"
Central Coast,US,"[35.3208415, 151.2335592]"
Virginia,US,"[37.4315734, -78.6568942]"
Oregon,US,"[43.8041334, -120.5542012]"
Paso Robles,US,"[35.6368759, -120.6545022]"
Sonoma Coast,US,"[38.5779555, -122.9888319]"
Clarksburg,US,"[39.2806451, -80.34453409999999]"
Dry Creek Valley,US,"[38.61054, -122.873166]"
Sonoma Valley,US,"[38.291859, -122.4580356]"
McMinnville,US,"[45.21011619999999, -123.1987163]"
Lake County,US,"[42.3689363, -87.8271534]"
Monticello,US,"[38.0086043, -78.4531994]"
North Coast,US,"[37.09024, -95.712891]"
Columbia Valley (WA),US,"[47.4523058, -120.822886]"
Santa Ynez Valley,US,"[34.5841542, -120.0973685]"
California,US,"[36.778261, -119.4179324]"
Howell Mountain,US,"[38.58139, -122.45]"
Calistoga,US,"[38.5787965, -122.5797054]"
Eola-Amity Hills,US,"[45.1312282, -123.1637138]"
Ancient Lakes,US,"[47.1508517, -119.9631178]"
Knights Valley,US,"[34.7580157, -82.2429405]"
Sonoma County,US,"[38.5779555, -122.9888319]"
Finger Lakes,US,"[42.7238165, -76.9297247]"
Santa Clara Valley,US,"[37.3336581, -121.8907041]"
Yountville,US,"[38.40157809999999, -122.3608105]"
Rockpile,US,"[38.515057, -90.007932]"
Santa Lucia Highlands,US,"[36.4307709, -121.4203754]"
Spring Mountain District,US,"[36.1257156, -115.242169]"
Monterey,US,"[36.6002378, -121.8946761]"
Carmel Valley,US,"[36.4799024, -121.7327931]"
Santa Cruz Mountains,US,"[36.9741171, -122.0307963]"
Edna Valley,US,"[35.2168996, -120.6077553]"
Russian River Valley,US,"[38.483083, -122.80327]"
Arroyo Seco,US,"[36.2316817, -121.485235]"
Anderson Valley,US,"[34.53821, -82.7495326]"
Nevada County,US,"[39.1346666, -121.1710389]"
Cayuga Lake,US,"[42.6776693, -76.6990172]"
Santa Barbara County,US,"[34.4208321, -119.6982057]"
Diamond Mountain District,US,"[38.54334530000001, -122.578433]"
Mendocino,US,"[39.3076744, -123.7994591]"
Sonoma Mountain,US,"[38.3229698, -122.5749837]"
Amador County,US,"[38.3488921, -120.7740931]"
St. Helena,US,"[38.5052429, -122.4703868]"
Cole Ranch,US,"[33.0460986, -117.2332472]"
Santa Maria Valley,US,"[34.9530337, -120.4357191]"
Dundee Hills,US,"[45.27958539999999, -123.0095137]"
Arroyo Grande Valley,US,"[35.1072335, -120.5815117]"
Mendocino County,US,"[39.5500194, -123.438353]"
Rutherford,US,"[40.826489, -74.10680909999999]"
Walla Walla Valley (WA),US,"[46.0655953, -118.3387429]"
New York,US,"[40.7127753, -74.0059728]"
North Fork of Long Island,US,"[40.97132149999999, -72.6261244]"
Wahluke Slope,US,"[46.7643025, -119.6166988]"
Templeton Gap District,US,"[35.5496939, -120.7060049]"
Snipes Mountain,US,"[46.3285409, -120.0082522]"
Long Island,US,"[40.789142, -73.13496099999999]"
Carneros,US,"[38.2554723, -122.3349422]"
Ribbon Ridge,US,
Red Mountain,US,
Sta. Rita Hills,US,"[34.6422431, -120.438894]"
El Dorado,US,
Suisun Valley,US,"[38.2382474, -122.040244]"
Lodi,US,"[38.1341477, -121.2722194]"
Yakima Valley,US,"[46.6020711, -120.5058987]"
Monterey County,US,"[36.3136201, -121.3541631]"
Chiles Valley,US,"[35.9881727, -114.9813892]"
Calaveras County,US,"[38.1960477, -120.6805037]"
Chehalem Mountains,US,"[45.3553952, -122.9462118]"
Horse Heaven Hills,US,"[46.1778416, -119.1521533]"
Umpqua Valley,US,"[43.216505, -123.3417381]"
Ballard Canyon,US,"[34.6354195, -120.1479918]"
Green Valley,US,"[31.8542511, -110.9937019]"
Sierra Foothills,US,"[33.3241157, -111.9875757]"
Yolo County,US,"[38.7646021, -121.9017954]"
Washington,US,"[38.9071923, -77.0368707]"
Columbia Gorge (WA),US,"[45.7247667, -121.5718789]"
Oak Knoll District,US,"[38.35833, -122.33389]"
Rogue Valley,US,"[42.3076371, -122.8388509]"
Northern Sonoma,US,"[38.291859, -122.4580356]"
Idaho,US,"[44.0682019, -114.7420408]"
Mokelumne River,US,"[38.1145286, -121.5741027]"
Los Carneros,US,"[34.4271343, -119.8597423]"
Mount Veeder,US,"[38.3689984, -122.4120862]"
Livermore Valley,US,"[37.6818745, -121.7680088]"
Texas,US,"[31.9685988, -99.9018131]"
Temecula Valley,US,"[33.4936391, -117.1483648]"
Mendocino Ridge,US,"[39.5500194, -123.438353]"
Texas High Plains,US,
Shenandoah Valley (CA),US,"[38.5348836, -120.792458]"
Yorkville Highlands,US,"[38.875393, -123.108287]"
Happy Canyon of Santa Barbara,US,"[34.4206415, -119.6994278]"
Walla Walla Valley (OR),US,"[45.9391338, -118.3974502]"
Seneca Lake,US,"[42.6918497, -76.920192]"
Naches Heights,US,"[46.6536279, -120.6541983]"
Hudson River Region,US,"[42.737395, -73.68724]"
Napa-Sonoma,US,"[38.291859, -122.4580356]"
Bennett Valley,US,"[38.4035096, -122.6412853]"
Paso Robles Willow Creek District,US,"[35.5812742, -120.7849327]"
Contra Costa County,US,"[37.8534093, -121.9017954]"
Michigan,US,"[44.3148443, -85.60236429999999]"
Stags Leap District,US,"[39.5691329, -105.2438476]"
Fair Play,US,"[39.2247125, -106.0019618]"
Pennsylvania,US,"[41.2033216, -77.1945247]"
Southern Oregon,US,"[42.7976791, -122.4332992]"
Old Mission Peninsula,US,"[44.8839492, -85.50972259999999]"
Dunnigan Hills,US,"[38.794346, -121.9552466]"
Coombsville,US,"[38.2971707, -122.2864459]"
Oakville,US,"[43.467517, -79.6876659]"
Middleburg,US,"[38.9687211, -77.7355496]"
Applegate Valley,US,"[37.35579, -79.9044815]"
San Benito County,US,"[36.5760883, -120.9876321]"
San Luis Obispo County,US,"[35.3102296, -120.4357631]"
Leelanau Peninsula,US,
Outer Coastal Plain,US,"[37.09024, -95.712891]"
Sonoma-Napa,US,"[38.2137007, -122.2539945]"
Santa Barbara,US,"[34.4208305, -119.6981901]"
Virginia's Eastern Shore,US,"[37.7116126, -75.74775369999999]"
Columbia Valley (OR),US,"[40.2626584, -111.680593]"
Red Hills Lake County,US,"[39.1303853, -122.8774692]"
South Coast,US,"[31.9319891, -81.32621999999999]"
Lake Erie,US,
Potter Valley,US,"[39.3221089, -123.113059]"
Sonoma County-Napa County,US,"[38.291859, -122.4580356]"
Chalk Hill,US,"[38.6037982, -122.7772125]"
New Jersey,US,"[40.0583238, -74.4056612]"
Redwood Valley,US,"[39.2652491, -123.2041429]"
Cucamonga Valley,US,"[34.1120955, -117.5776336]"
Fiddletown,US,"[38.5039105, -120.7565689]"
Augusta,US,"[33.4734978, -82.0105148]"
New Mexico,US,"[34.5199402, -105.8700901]"
Nevada,US,"[38.8026097, -116.419389]"
Paicines,US,"[36.7289127, -121.2788708]"
Placer County,US,"[39.0915751, -120.8039474]"
Napa County-Sonoma County,US,"[38.5024689, -122.2653887]"
Solano County,US,"[38.3104969, -121.9017954]"
Adelaida District,US,
Chalone,US,"[36.5168913, -121.2812848]"
Columbia Gorge (OR),US,
Lake Chelan,US,
Rattlesnake Hills,US,
El Dorado County,US,
Napa County,US,"[38.5024689, -122.2653887]"
Marin County,US,
Fort Ross-Seaview,US,"[38.51392510000001, -123.2455683]"
Mt. Harlan,US,"[37.7115295, -97.3957301]"
Cienega Valley,US,"[33.6969542, -117.719018]"
Temecula,US,"[33.4936391, -117.1483648]"
Grand Valley,US,"[42.9633599, -85.6680863]"
Colorado,US,"[39.5500507, -105.7820674]"
Cochise County,US,"[31.82845799999999, -109.949686]"
Pine Mountain-Cloverdale Peak,US,
Big Valley District-Lake County,US,"[38.9970418, -122.8700498]"
San Antonio Valley,US,"[29.4924424, -98.61057029999999]"
Sierra Pelona Valley,US,
San Luis Obispo,US,"[35.2827524, -120.6596156]"
Atlas Peak,US,
High Valley,US,
San Bernabe,US,
Ben Lomond Mountain,US,
Missouri,US,"[37.9642529, -91.8318334]"
Southeastern New England,US,
Grand River Valley,US,
Sonoita,US,"[31.6795337, -110.6553594]"
"The Hamptons, Long Island",US,
Shenandoah Valley,US,"[38.4834568, -78.84974849999999]"
Santa Barbara-Monterey,US,"[36.4397212, -121.3183599]"
Napa-Carneros,US,"[38.2549927, -122.3405273]"
Illinois,US,"[40.6331249, -89.3985283]"
Malibu-Newton Canyon,US,"[34.0809642, -118.8021153]"
Mount Harlan,US,
Sonoma-Napa-Mendocino,US,
San Francisco Bay,US,"[37.6909682, -122.3107517]"
Chelan County,US,
California Other,US,
Saddle Rock-Malibu,US,
Moon Mountain District Sonoma County,US,
Humboldt County,US,"[40.7450055, -123.8695086]"
Napa-Sonoma-Marin,US,
Santa Clara County,US,
Puget Sound,US,"[47.7236535, -122.4713352]"
Solano County Green Valley,US,"[38.2529705, -122.1621917]"
California-Oregon,US,"[39.59388999999999, -121.52833]"
Clear Lake,US,
Guenoc Valley,US,"[39.06558, -122.721477]"
Napa County-Sonoma County-San Joaquin County,US,"[38.2172561, -122.2730219]"
Carneros-Napa Valley,US,
Swan Creek,US,
El Pomar District,US,
Tuolumne County,US,
Santa Margarita Ranch,US,
Malibu Coast,US,"[34.0259216, -118.7797571]"
McDowell Valley,US,"[38.974959, -123.0532221]"
Yadkin Valley,US,
Iowa,US,
Elkton Oregon,US,"[43.6376174, -123.568152]"
Napa-Mendocino-Sonoma-Marin,US,
Monterey-Santa Barbara,US,"[36.4397212, -121.3183599]"
Sonoma County-Monterey County-Napa County,US,"[38.5779555, -122.9888319]"
Sonoma-Mendocino,US,"[38.4593019, -122.7171838]"
Alta Mesa,US,"[37.398829, -122.1346859]"
Kelsey Bench-Lake County,US,"[39.08396440000001, -122.8084496]"
San Lucas,US,"[36.1288547, -121.0204672]"
Sonoma County-Lake County,US,"[38.4538358, -122.6489623]"
Ohio,US,"[40.4172871, -82.90712300000001]"
Paso Robles Highlands District,US,"[35.6145822, -120.6783885]"
Sonoma County-Monterey County,US,"[36.6061215, -121.8416035]"
Vermont,US,"[44.5588028, -72.57784149999999]"
Ventura County,US,"[34.3704884, -119.1390642]"
Mendocino-Lake,US,"[39.2173837, -123.171699]"
Monterey-Santa Cruz,US,"[36.9578731, -122.0301661]"
North Carolina,US,"[35.7595731, -79.01929969999999]"
York Mountain,US,"[42.8710697, -77.8856212]"
Columbia Valley-Walla Walla Valley,US,"[46.0645809, -118.3430208]"
Madera,US,"[38.945761, -94.74409]"
Sonoma,US,"[38.291859, -122.4580356]"
Kentucky,US,"[37.8393332, -84.2700179]"
San Francisco Bay-Livermore Valley,US,"[37.6818745, -121.7680088]"
Clements Hills,US,"[38.3708969, -96.5420003]"
Sonoma County-San Joaquin County,US,"[37.9044561, -121.2420154]"
Western Connecticut Highlands,US,"[41.2531719, -72.96608499999999]"
River Junction,US,"[43.02297, -91.17746]"
Monterey-Santa Barbara-Sonoma,US,"[38.4875235, -122.4493985]"
Columbia Valley,US,"[38.860858, -104.8694312]"
Lake County-Mendocino County,US,"[39.2173837, -123.171699]"
Oregon Other,US,"[45.34387, -122.488255]"
Sonoma County-Monterey County-Santa Barbara County,US,"[38.5779555, -122.9888319]"
Yamhill County,US,"[45.1771983, -123.2395303]"
Mendocino-Lake County-Napa,US,"[39.08396440000001, -122.8084496]"
Monterey-San Luis Obispo-Santa Barbara,US,"[35.2901913, -120.6493573]"
Tehama County,US,"[40.0982197, -122.174605]"
Ramona Valley,US,"[33.3568963, -117.0720282]"
Napa County-Lake County,US,"[38.6097407, -122.254045]"
Arizona,US,
Napa,US,"[36.7567292, -95.9373265]"
Central Valley,US,"[40.19987769999999, -122.2011075]"
Napa-Monterey-Mendocino,US,"[36.6034305, -121.8627696]"
Lime Kiln Valley,US,"[48.0708444, -117.7244198]"
Amador-Napa,US,"[38.113597, -122.243246]"
Polk County,US,"[27.8617347, -81.6911559]"
Monterey County-Napa County-Sonoma County,US,"[38.5024689, -122.2653887]"
Antelope Valley of the California High Desert,US,"[34.7513712, -118.2522977]"
Napa Valley-Paso Robles,US,"[35.3649881, -120.8477098]"
Lake County-Sonoma County,US,"[38.4494698, -122.6505126]"
Mendocino-Amador,US,
Napa-Amador,US,"[38.3794419, -120.802086]"
Napa County-Sonoma County-Lake County,US,"[39.08396440000001, -122.8084496]"
Santa Cruz County,US,"[37.0453988, -121.9579578]"
Sonoma-Santa Barbara-Mendocino,US,"[38.291859, -122.4580356]"
Napa-Mendocino-Sonoma,US,"[38.5024689, -122.2653887]"
Massachusetts,US,"[42.4072107, -71.3824374]"
Lake-Sonoma-Napa,US,"[38.5471475, -122.5103454]"
Isle St. George,US,"[41.72171489999999, -82.82018719999999]"
Texoma,US,"[33.7998245, -96.57833869999999]"
Capay Valley,US,"[38.70823490000001, -122.0507301]"
Sonoma-Napa-Monterey,US,"[38.291859, -122.4580356]"
Hawaii,US,"[19.8967662, -155.5827818]"
Monterey County-Napa County,US,"[38.176892, -122.2664335]"
San Diego County,US,"[32.7157305, -117.1610966]"
Niagara Escarpment,US,"[44.7180522, -87.5950953]"
Sonoma-Napa-Lake,US,"[38.759642, -123.0915605]"
Sonoma County-Santa Barbara County,US,"[38.3328581, -122.6992783]"